Id,Label,timeset,2,is_mutation
1M,1M,,1,false
2F,2F,,2,false
3V,3V,,3,false
4F,4F,,4,false
5L,5L,,5,true
6V,6V,,6,false
7L,7L,,7,false
8L,8L,,8,false
9P,9P,,9,true
10L,10L,,10,false
11V,11V,,11,false
12S,12S,,12,false
13S,13S,,13,true
14Q,14Q,,14,false
15C,15C,,15,false
16V,16V,,16,false
17N,17N,,17,false
18L,18L,,18,true
19T,19T,,19,true
20T,20T,,20,true
21R,21R,,21,false
22T,22T,,22,false
23Q,23Q,,23,false
24L,24L,,24,true
25P,25P,,25,false
26P,26P,,26,true
27A,27A,,27,false
28Y,28Y,,28,false
29T,29T,,29,false
30N,30N,,30,false
31S,31S,,31,false
32F,32F,,32,false
33T,33T,,33,false
34R,34R,,34,false
35G,35G,,35,false
36V,36V,,36,false
37Y,37Y,,37,false
38Y,38Y,,38,false
39P,39P,,39,false
40D,40D,,40,false
41K,41K,,41,false
42V,42V,,42,false
43F,43F,,43,false
44R,44R,,44,false
45S,45S,,45,false
46S,46S,,46,false
47V,47V,,47,false
48L,48L,,48,false
49H,49H,,49,false
50S,50S,,50,false
51T,51T,,51,false
52Q,52Q,,52,true
53D,53D,,53,false
54L,54L,,54,false
55F,55F,,55,false
56L,56L,,56,false
57P,57P,,57,false
58F,58F,,58,false
59F,59F,,59,false
60S,60S,,60,false
61N,61N,,61,false
62V,62V,,62,false
63T,63T,,63,false
64W,64W,,64,false
65F,65F,,65,false
66H,66H,,66,false
67A,67A,,67,true
68I,68I,,68,false
69H,69H,,69,false
70V,70V,,70,false
71S,71S,,71,false
72G,72G,,72,false
73T,73T,,73,false
74N,74N,,74,false
75G,75G,,75,true
76T,76T,,76,true
77K,77K,,77,false
78R,78R,,78,false
79F,79F,,79,false
80D,80D,,80,true
81N,81N,,81,false
82P,82P,,82,false
83V,83V,,83,false
84L,84L,,84,false
85P,85P,,85,false
86F,86F,,86,false
87N,87N,,87,false
88D,88D,,88,false
89G,89G,,89,false
90V,90V,,90,false
91Y,91Y,,91,false
92F,92F,,92,false
93A,93A,,93,false
94S,94S,,94,false
95T,95T,,95,true
96E,96E,,96,false
97K,97K,,97,false
98S,98S,,98,false
99N,99N,,99,false
100I,100I,,100,false
101I,101I,,101,false
102R,102R,,102,false
103G,103G,,103,false
104W,104W,,104,false
105I,105I,,105,false
106F,106F,,106,false
107G,107G,,107,false
108T,108T,,108,false
109T,109T,,109,false
110L,110L,,110,false
111D,111D,,111,false
112S,112S,,112,false
113K,113K,,113,false
114T,114T,,114,false
115Q,115Q,,115,false
116S,116S,,116,false
117L,117L,,117,false
118L,118L,,118,false
119I,119I,,119,false
120V,120V,,120,false
121N,121N,,121,false
122N,122N,,122,false
123A,123A,,123,false
124T,124T,,124,false
125N,125N,,125,false
126V,126V,,126,true
127V,127V,,127,false
128I,128I,,128,false
129K,129K,,129,false
130V,130V,,130,false
131C,131C,,131,false
132E,132E,,132,false
133F,133F,,133,false
134Q,134Q,,134,false
135F,135F,,135,false
136C,136C,,136,true
137N,137N,,137,false
138D,138D,,138,true
139P,139P,,139,false
140F,140F,,140,false
141L,141L,,141,false
142G,142G,,142,true
143V,143V,,143,false
144Y,144Y,,144,false
145Y,145Y,,145,true
146H,146H,,146,false
147K,147K,,147,false
148N,148N,,148,false
149N,149N,,149,false
150K,150K,,150,false
151S,151S,,151,false
152W,152W,,152,true
153M,153M,,153,false
154E,154E,,154,false
155S,155S,,155,false
156E,156E,,156,true
157F,157F,,157,true
158R,158R,,158,false
159V,159V,,159,false
160Y,160Y,,160,false
161S,161S,,161,false
162S,162S,,162,false
163A,163A,,163,false
164N,164N,,164,false
165N,165N,,165,false
166C,166C,,166,false
167T,167T,,167,false
168F,168F,,168,false
169E,169E,,169,false
170Y,170Y,,170,false
171V,171V,,171,false
172S,172S,,172,false
173Q,173Q,,173,false
174P,174P,,174,false
175F,175F,,175,false
176L,176L,,176,false
177M,177M,,177,false
178D,178D,,178,false
179L,179L,,179,false
180E,180E,,180,false
181G,181G,,181,false
182K,182K,,182,false
183Q,183Q,,183,false
184G,184G,,184,false
185N,185N,,185,false
186F,186F,,186,false
187K,187K,,187,false
188N,188N,,188,false
189L,189L,,189,false
190R,190R,,190,true
191E,191E,,191,false
192F,192F,,192,false
193V,193V,,193,false
194F,194F,,194,false
195K,195K,,195,false
196N,196N,,196,false
197I,197I,,197,false
198D,198D,,198,false
199G,199G,,199,false
200Y,200Y,,200,false
201F,201F,,201,false
202K,202K,,202,false
203I,203I,,203,false
204Y,204Y,,204,false
205S,205S,,205,false
206K,206K,,206,false
207H,207H,,207,false
208T,208T,,208,false
209P,209P,,209,false
210I,210I,,210,false
211N,211N,,211,true
212L,212L,,212,false
213V,213V,,213,true
214R,214R,,214,false
215D,215D,,215,true
216L,216L,,216,false
217P,217P,,217,false
218Q,218Q,,218,false
219G,219G,,219,false
220F,220F,,220,false
221S,221S,,221,false
222A,222A,,222,true
223L,223L,,223,false
224E,224E,,224,false
225P,225P,,225,false
226L,226L,,226,false
227V,227V,,227,false
228D,228D,,228,false
229L,229L,,229,false
230P,230P,,230,false
231I,231I,,231,false
232G,232G,,232,false
233I,233I,,233,false
234N,234N,,234,false
235I,235I,,235,false
236T,236T,,236,false
237R,237R,,237,false
238F,238F,,238,false
239Q,239Q,,239,false
240T,240T,,240,false
241L,241L,,241,false
242L,242L,,242,false
243A,243A,,243,false
244L,244L,,244,false
245H,245H,,245,true
246R,246R,,246,true
247S,247S,,247,false
248Y,248Y,,248,false
249L,249L,,249,false
250T,250T,,250,false
251P,251P,,251,false
252G,252G,,252,false
253D,253D,,253,true
254S,254S,,254,false
255S,255S,,255,false
256S,256S,,256,false
257G,257G,,257,false
258W,258W,,258,false
259T,259T,,259,false
260A,260A,,260,false
261G,261G,,261,false
262A,262A,,262,false
263A,263A,,263,false
264A,264A,,264,false
265Y,265Y,,265,false
266Y,266Y,,266,false
267V,267V,,267,false
268G,268G,,268,false
269Y,269Y,,269,false
270L,270L,,270,false
271Q,271Q,,271,false
272P,272P,,272,false
273R,273R,,273,false
274T,274T,,274,false
275F,275F,,275,false
276L,276L,,276,false
277L,277L,,277,false
278K,278K,,278,false
279Y,279Y,,279,false
280N,280N,,280,false
281E,281E,,281,false
282N,282N,,282,false
283G,283G,,283,false
284T,284T,,284,false
285I,285I,,285,false
286T,286T,,286,false
287D,287D,,287,false
288A,288A,,288,false
289V,289V,,289,false
290D,290D,,290,false
291C,291C,,291,false
292A,292A,,292,false
293L,293L,,293,false
294D,294D,,294,false
295P,295P,,295,false
296L,296L,,296,false
297S,297S,,297,false
298E,298E,,298,false
299T,299T,,299,false
300K,300K,,300,false
301C,301C,,301,false
302T,302T,,302,false
303L,303L,,303,false
304K,304K,,304,false
305S,305S,,305,false
306F,306F,,306,false
307T,307T,,307,false
308V,308V,,308,false
309E,309E,,309,false
310K,310K,,310,false
311G,311G,,311,false
312I,312I,,312,false
313Y,313Y,,313,false
314Q,314Q,,314,false
315T,315T,,315,false
316S,316S,,316,false
317N,317N,,317,false
318F,318F,,318,false
319R,319R,,319,false
320V,320V,,320,false
321Q,321Q,,321,false
322P,322P,,322,false
323T,323T,,323,false
324E,324E,,324,false
325S,325S,,325,false
326I,326I,,326,false
327V,327V,,327,false
328R,328R,,328,false
329F,329F,,329,false
330P,330P,,330,false
331N,331N,,331,false
332I,332I,,332,false
333T,333T,,333,false
334N,334N,,334,false
335L,335L,,335,false
336C,336C,,336,false
337P,337P,,337,false
338F,338F,,338,false
339G,339G,,339,true
340E,340E,,340,false
341V,341V,,341,false
342F,342F,,342,false
343N,343N,,343,false
344A,344A,,344,false
345T,345T,,345,false
346R,346R,,346,true
347F,347F,,347,false
348A,348A,,348,false
349S,349S,,349,false
350V,350V,,350,false
351Y,351Y,,351,false
352A,352A,,352,false
353W,353W,,353,false
354N,354N,,354,false
355R,355R,,355,false
356K,356K,,356,false
357R,357R,,357,false
358I,358I,,358,false
359S,359S,,359,false
360N,360N,,360,false
361C,361C,,361,false
362V,362V,,362,false
363A,363A,,363,false
364D,364D,,364,false
365Y,365Y,,365,false
366S,366S,,366,false
367V,367V,,367,true
368L,368L,,368,false
369Y,369Y,,369,false
370N,370N,,370,false
371S,371S,,371,true
372A,372A,,372,false
373S,373S,,373,true
374F,374F,,374,false
375S,375S,,375,true
376T,376T,,376,true
377F,377F,,377,false
378K,378K,,378,false
379C,379C,,379,false
380Y,380Y,,380,false
381G,381G,,381,false
382V,382V,,382,false
383S,383S,,383,false
384P,384P,,384,true
385T,385T,,385,false
386K,386K,,386,false
387L,387L,,387,false
388N,388N,,388,false
389D,389D,,389,false
390L,390L,,390,false
391C,391C,,391,false
392F,392F,,392,false
393T,393T,,393,false
394N,394N,,394,false
395V,395V,,395,false
396Y,396Y,,396,false
397A,397A,,397,false
398D,398D,,398,false
399S,399S,,399,false
400F,400F,,400,false
401V,401V,,401,false
402I,402I,,402,false
403R,403R,,403,false
404G,404G,,404,false
405D,405D,,405,true
406E,406E,,406,false
407V,407V,,407,false
408R,408R,,408,true
409Q,409Q,,409,false
410I,410I,,410,false
411A,411A,,411,false
412P,412P,,412,false
413G,413G,,413,false
414Q,414Q,,414,false
415T,415T,,415,false
416G,416G,,416,false
417K,417K,,417,true
418I,418I,,418,false
419A,419A,,419,false
420D,420D,,420,false
421Y,421Y,,421,false
422N,422N,,422,false
423Y,423Y,,423,false
424K,424K,,424,false
425L,425L,,425,false
426P,426P,,426,false
427D,427D,,427,false
428D,428D,,428,false
429F,429F,,429,false
430T,430T,,430,false
431G,431G,,431,false
432C,432C,,432,false
433V,433V,,433,false
434I,434I,,434,false
435A,435A,,435,false
436W,436W,,436,false
437N,437N,,437,false
438S,438S,,438,false
439N,439N,,439,true
440N,440N,,440,true
441L,441L,,441,false
442D,442D,,442,false
443S,443S,,443,false
444K,444K,,444,false
445V,445V,,445,false
446G,446G,,446,false
447G,447G,,447,false
448N,448N,,448,false
449Y,449Y,,449,true
450N,450N,,450,false
451Y,451Y,,451,false
452L,452L,,452,true
453Y,453Y,,453,false
454R,454R,,454,false
455L,455L,,455,false
456F,456F,,456,false
457R,457R,,457,false
458K,458K,,458,false
459S,459S,,459,false
460N,460N,,460,false
461L,461L,,461,false
462K,462K,,462,false
463P,463P,,463,false
464F,464F,,464,false
465E,465E,,465,false
466R,466R,,466,false
467D,467D,,467,false
468I,468I,,468,false
469S,469S,,469,false
470T,470T,,470,false
471E,471E,,471,false
472I,472I,,472,false
473Y,473Y,,473,false
474Q,474Q,,474,false
475A,475A,,475,false
476G,476G,,476,false
477S,477S,,477,true
478T,478T,,478,true
479P,479P,,479,false
480C,480C,,480,false
481N,481N,,481,false
482G,482G,,482,false
483V,483V,,483,false
484E,484E,,484,true
485G,485G,,485,false
486F,486F,,486,true
487N,487N,,487,false
488C,488C,,488,false
489Y,489Y,,489,false
490F,490F,,490,true
491P,491P,,491,false
492L,492L,,492,false
493Q,493Q,,493,true
494S,494S,,494,true
495Y,495Y,,495,false
496G,496G,,496,true
497F,497F,,497,false
498Q,498Q,,498,true
499P,499P,,499,false
500T,500T,,500,false
501N,501N,,501,true
502G,502G,,502,false
503V,503V,,503,false
504G,504G,,504,false
505Y,505Y,,505,true
506Q,506Q,,506,false
507P,507P,,507,false
508Y,508Y,,508,false
509R,509R,,509,false
510V,510V,,510,false
511V,511V,,511,false
512V,512V,,512,false
513L,513L,,513,false
514S,514S,,514,false
515F,515F,,515,false
516E,516E,,516,true
517L,517L,,517,false
518L,518L,,518,false
519H,519H,,519,false
520A,520A,,520,false
521P,521P,,521,false
522A,522A,,522,false
523T,523T,,523,false
524V,524V,,524,false
525C,525C,,525,false
526G,526G,,526,false
527P,527P,,527,false
528K,528K,,528,false
529K,529K,,529,false
530S,530S,,530,false
531T,531T,,531,false
532N,532N,,532,false
533L,533L,,533,false
534V,534V,,534,false
535K,535K,,535,false
536N,536N,,536,false
537K,537K,,537,false
538C,538C,,538,false
539V,539V,,539,false
540N,540N,,540,false
541F,541F,,541,false
542N,542N,,542,false
543F,543F,,543,false
544N,544N,,544,false
545G,545G,,545,false
546L,546L,,546,false
547T,547T,,547,true
548G,548G,,548,false
549T,549T,,549,false
550G,550G,,550,false
551V,551V,,551,false
552L,552L,,552,false
553T,553T,,553,false
554E,554E,,554,false
555S,555S,,555,false
556N,556N,,556,false
557K,557K,,557,false
558K,558K,,558,false
559F,559F,,559,false
560L,560L,,560,false
561P,561P,,561,false
562F,562F,,562,false
563Q,563Q,,563,false
564Q,564Q,,564,false
565F,565F,,565,false
566G,566G,,566,false
567R,567R,,567,false
568D,568D,,568,false
569I,569I,,569,false
570A,570A,,570,true
571D,571D,,571,false
572T,572T,,572,false
573T,573T,,573,false
574D,574D,,574,false
575A,575A,,575,false
576V,576V,,576,false
577R,577R,,577,false
578D,578D,,578,false
579P,579P,,579,false
580Q,580Q,,580,false
581T,581T,,581,false
582L,582L,,582,false
583E,583E,,583,false
584I,584I,,584,false
585L,585L,,585,false
586D,586D,,586,false
587I,587I,,587,false
588T,588T,,588,false
589P,589P,,589,false
590C,590C,,590,false
591S,591S,,591,false
592F,592F,,592,false
593G,593G,,593,false
594G,594G,,594,false
595V,595V,,595,false
596S,596S,,596,false
597V,597V,,597,false
598I,598I,,598,false
599T,599T,,599,false
600P,600P,,600,false
601G,601G,,601,false
602T,602T,,602,false
603N,603N,,603,false
604T,604T,,604,false
605S,605S,,605,false
606N,606N,,606,false
607Q,607Q,,607,false
608V,608V,,608,false
609A,609A,,609,false
610V,610V,,610,false
611L,611L,,611,false
612Y,612Y,,612,false
613Q,613Q,,613,true
614D,614D,,614,true
615V,615V,,615,false
616N,616N,,616,false
617C,617C,,617,false
618T,618T,,618,false
619E,619E,,619,false
620V,620V,,620,false
621P,621P,,621,false
622V,622V,,622,false
623A,623A,,623,false
624I,624I,,624,false
625H,625H,,625,false
626A,626A,,626,false
627D,627D,,627,false
628Q,628Q,,628,false
629L,629L,,629,false
630T,630T,,630,false
631P,631P,,631,false
632T,632T,,632,false
633W,633W,,633,false
634R,634R,,634,false
635V,635V,,635,false
636Y,636Y,,636,false
637S,637S,,637,false
638T,638T,,638,false
639G,639G,,639,false
640S,640S,,640,false
641N,641N,,641,false
642V,642V,,642,false
643F,643F,,643,false
644Q,644Q,,644,false
645T,645T,,645,false
646R,646R,,646,false
647A,647A,,647,false
648G,648G,,648,false
649C,649C,,649,false
650L,650L,,650,false
651I,651I,,651,false
652G,652G,,652,false
653A,653A,,653,true
654E,654E,,654,false
655H,655H,,655,true
656V,656V,,656,false
657N,657N,,657,false
658N,658N,,658,false
659S,659S,,659,false
660Y,660Y,,660,false
661E,661E,,661,false
662C,662C,,662,false
663D,663D,,663,false
664I,664I,,664,false
665P,665P,,665,false
666I,666I,,666,false
667G,667G,,667,false
668A,668A,,668,false
669G,669G,,669,false
670I,670I,,670,false
671C,671C,,671,false
672A,672A,,672,false
673S,673S,,673,false
674Y,674Y,,674,false
675Q,675Q,,675,false
676T,676T,,676,false
677Q,677Q,,677,true
678T,678T,,678,false
679N,679N,,679,true
680S,680S,,680,false
681P,681P,,681,true
682R,682R,,682,false
683R,683R,,683,false
684A,684A,,684,false
685R,685R,,685,false
686S,686S,,686,false
687V,687V,,687,false
688A,688A,,688,false
689S,689S,,689,false
690Q,690Q,,690,false
691S,691S,,691,false
692I,692I,,692,false
693I,693I,,693,false
694A,694A,,694,false
695Y,695Y,,695,false
696T,696T,,696,false
697M,697M,,697,false
698S,698S,,698,false
699L,699L,,699,false
700G,700G,,700,false
701A,701A,,701,true
702E,702E,,702,false
703N,703N,,703,false
704S,704S,,704,false
705V,705V,,705,false
706A,706A,,706,false
707Y,707Y,,707,false
708S,708S,,708,false
709N,709N,,709,false
710N,710N,,710,false
711S,711S,,711,false
712I,712I,,712,false
713A,713A,,713,false
714I,714I,,714,false
715P,715P,,715,false
716T,716T,,716,true
717N,717N,,717,false
718F,718F,,718,false
719T,719T,,719,false
720I,720I,,720,false
721S,721S,,721,false
722V,722V,,722,false
723T,723T,,723,false
724T,724T,,724,false
725E,725E,,725,false
726I,726I,,726,false
727L,727L,,727,false
728P,728P,,728,false
729V,729V,,729,false
730S,730S,,730,false
731M,731M,,731,false
732T,732T,,732,true
733K,733K,,733,false
734T,734T,,734,false
735S,735S,,735,false
736V,736V,,736,false
737D,737D,,737,false
738C,738C,,738,false
739T,739T,,739,false
740M,740M,,740,false
741Y,741Y,,741,false
742I,742I,,742,false
743C,743C,,743,false
744G,744G,,744,false
745D,745D,,745,false
746S,746S,,746,false
747T,747T,,747,false
748E,748E,,748,false
749C,749C,,749,false
750S,750S,,750,false
751N,751N,,751,false
752L,752L,,752,false
753L,753L,,753,false
754L,754L,,754,false
755Q,755Q,,755,false
756Y,756Y,,756,false
757G,757G,,757,false
758S,758S,,758,false
759F,759F,,759,false
760C,760C,,760,false
761T,761T,,761,false
762Q,762Q,,762,false
763L,763L,,763,false
764N,764N,,764,true
765R,765R,,765,false
766A,766A,,766,false
767L,767L,,767,false
768T,768T,,768,false
769G,769G,,769,false
770I,770I,,770,false
771A,771A,,771,false
772V,772V,,772,false
773E,773E,,773,false
774Q,774Q,,774,false
775D,775D,,775,false
776K,776K,,776,false
777N,777N,,777,false
778T,778T,,778,false
779Q,779Q,,779,false
780E,780E,,780,true
781V,781V,,781,false
782F,782F,,782,false
783A,783A,,783,false
784Q,784Q,,784,false
785V,785V,,785,false
786K,786K,,786,false
787Q,787Q,,787,false
788I,788I,,788,false
789Y,789Y,,789,false
790K,790K,,790,false
791T,791T,,791,false
792P,792P,,792,false
793P,793P,,793,false
794I,794I,,794,false
795K,795K,,795,false
796D,796D,,796,true
797F,797F,,797,false
798G,798G,,798,false
799G,799G,,799,false
800F,800F,,800,false
801N,801N,,801,false
802F,802F,,802,false
803S,803S,,803,false
804Q,804Q,,804,false
805I,805I,,805,false
806L,806L,,806,false
807P,807P,,807,false
808D,808D,,808,false
809P,809P,,809,false
810S,810S,,810,false
811K,811K,,811,false
812P,812P,,812,false
813S,813S,,813,false
814K,814K,,814,false
815R,815R,,815,false
816S,816S,,816,false
817F,817F,,817,false
818I,818I,,818,false
819E,819E,,819,false
820D,820D,,820,false
821L,821L,,821,false
822L,822L,,822,false
823F,823F,,823,false
824N,824N,,824,false
825K,825K,,825,false
826V,826V,,826,false
827T,827T,,827,false
828L,828L,,828,false
829A,829A,,829,false
830D,830D,,830,false
831A,831A,,831,false
832G,832G,,832,false
833F,833F,,833,false
834I,834I,,834,false
835K,835K,,835,false
836Q,836Q,,836,false
837Y,837Y,,837,false
838G,838G,,838,false
839D,839D,,839,false
840C,840C,,840,false
841L,841L,,841,false
842G,842G,,842,false
843D,843D,,843,false
844I,844I,,844,false
845A,845A,,845,false
846A,846A,,846,false
847R,847R,,847,false
848D,848D,,848,false
849L,849L,,849,false
850I,850I,,850,false
851C,851C,,851,false
852A,852A,,852,false
853Q,853Q,,853,false
854K,854K,,854,false
855F,855F,,855,false
856N,856N,,856,true
857G,857G,,857,false
858L,858L,,858,false
859T,859T,,859,true
860V,860V,,860,false
861L,861L,,861,false
862P,862P,,862,false
863P,863P,,863,false
864L,864L,,864,false
865L,865L,,865,false
866T,866T,,866,false
867D,867D,,867,false
868E,868E,,868,false
869M,869M,,869,false
870I,870I,,870,false
871A,871A,,871,false
872Q,872Q,,872,false
873Y,873Y,,873,false
874T,874T,,874,false
875S,875S,,875,false
876A,876A,,876,false
877L,877L,,877,false
878L,878L,,878,false
879A,879A,,879,false
880G,880G,,880,false
881T,881T,,881,false
882I,882I,,882,false
883T,883T,,883,false
884S,884S,,884,false
885G,885G,,885,false
886W,886W,,886,false
887T,887T,,887,false
888F,888F,,888,true
889G,889G,,889,false
890A,890A,,890,false
891G,891G,,891,false
892A,892A,,892,false
893A,893A,,893,false
894L,894L,,894,false
895Q,895Q,,895,false
896I,896I,,896,false
897P,897P,,897,false
898F,898F,,898,false
899A,899A,,899,false
900M,900M,,900,false
901Q,901Q,,901,false
902M,902M,,902,false
903A,903A,,903,false
904Y,904Y,,904,false
905R,905R,,905,false
906F,906F,,906,false
907N,907N,,907,false
908G,908G,,908,false
909I,909I,,909,false
910G,910G,,910,false
911V,911V,,911,false
912T,912T,,912,false
913Q,913Q,,913,false
914N,914N,,914,false
915V,915V,,915,false
916L,916L,,916,false
917Y,917Y,,917,false
918E,918E,,918,false
919N,919N,,919,false
920Q,920Q,,920,false
921K,921K,,921,false
922L,922L,,922,false
923I,923I,,923,false
924A,924A,,924,false
925N,925N,,925,false
926Q,926Q,,926,false
927F,927F,,927,false
928N,928N,,928,false
929S,929S,,929,false
930A,930A,,930,false
931I,931I,,931,false
932G,932G,,932,false
933K,933K,,933,false
934I,934I,,934,false
935Q,935Q,,935,false
936D,936D,,936,false
937S,937S,,937,false
938L,938L,,938,false
939S,939S,,939,false
940S,940S,,940,false
941T,941T,,941,false
942A,942A,,942,false
943S,943S,,943,false
944A,944A,,944,false
945L,945L,,945,false
946G,946G,,946,false
947K,947K,,947,false
948L,948L,,948,false
949Q,949Q,,949,false
950D,950D,,950,true
951V,951V,,951,false
952V,952V,,952,false
953N,953N,,953,false
954Q,954Q,,954,true
955N,955N,,955,false
956A,956A,,956,false
957Q,957Q,,957,false
958A,958A,,958,false
959L,959L,,959,false
960N,960N,,960,false
961T,961T,,961,false
962L,962L,,962,false
963V,963V,,963,false
964K,964K,,964,false
965Q,965Q,,965,false
966L,966L,,966,false
967S,967S,,967,false
968S,968S,,968,false
969N,969N,,969,true
970F,970F,,970,false
971G,971G,,971,false
972A,972A,,972,false
973I,973I,,973,false
974S,974S,,974,false
975S,975S,,975,false
976V,976V,,976,false
977L,977L,,977,false
978N,978N,,978,false
979D,979D,,979,false
980I,980I,,980,false
981L,981L,,981,true
982S,982S,,982,true
983R,983R,,983,false
984L,984L,,984,false
985D,985D,,985,false
986K,986K,,986,false
987V,987V,,987,false
988E,988E,,988,false
989A,989A,,989,false
990E,990E,,990,false
991V,991V,,991,false
992Q,992Q,,992,false
993I,993I,,993,false
994D,994D,,994,false
995R,995R,,995,false
996L,996L,,996,false
997I,997I,,997,false
998T,998T,,998,false
999G,999G,,999,false
1000R,1000R,,1000,false
1001L,1001L,,1001,false
1002Q,1002Q,,1002,false
1003S,1003S,,1003,false
1004L,1004L,,1004,false
1005Q,1005Q,,1005,false
1006T,1006T,,1006,false
1007Y,1007Y,,1007,false
1008V,1008V,,1008,false
1009T,1009T,,1009,false
1010Q,1010Q,,1010,false
1011Q,1011Q,,1011,false
1012L,1012L,,1012,false
1013I,1013I,,1013,false
1014R,1014R,,1014,false
1015A,1015A,,1015,false
1016A,1016A,,1016,false
1017E,1017E,,1017,false
1018I,1018I,,1018,false
1019R,1019R,,1019,false
1020A,1020A,,1020,false
1021S,1021S,,1021,false
1022A,1022A,,1022,false
1023N,1023N,,1023,false
1024L,1024L,,1024,false
1025A,1025A,,1025,false
1026A,1026A,,1026,false
1027T,1027T,,1027,true
1028K,1028K,,1028,false
1029M,1029M,,1029,false
1030S,1030S,,1030,false
1031E,1031E,,1031,false
1032C,1032C,,1032,false
1033V,1033V,,1033,false
1034L,1034L,,1034,false
1035G,1035G,,1035,false
1036Q,1036Q,,1036,false
1037S,1037S,,1037,false
1038K,1038K,,1038,false
1039R,1039R,,1039,false
1040V,1040V,,1040,false
1041D,1041D,,1041,false
1042F,1042F,,1042,false
1043C,1043C,,1043,false
1044G,1044G,,1044,false
1045K,1045K,,1045,false
1046G,1046G,,1046,false
1047Y,1047Y,,1047,false
1048H,1048H,,1048,false
1049L,1049L,,1049,false
1050M,1050M,,1050,false
1051S,1051S,,1051,false
1052F,1052F,,1052,false
1053P,1053P,,1053,false
1054Q,1054Q,,1054,false
1055S,1055S,,1055,false
1056A,1056A,,1056,false
1057P,1057P,,1057,false
1058H,1058H,,1058,false
1059G,1059G,,1059,false
1060V,1060V,,1060,false
1061V,1061V,,1061,false
1062F,1062F,,1062,false
1063L,1063L,,1063,false
1064H,1064H,,1064,false
1065V,1065V,,1065,false
1066T,1066T,,1066,false
1067Y,1067Y,,1067,false
1068V,1068V,,1068,false
1069P,1069P,,1069,false
1070A,1070A,,1070,false
1071Q,1071Q,,1071,true
1072E,1072E,,1072,false
1073K,1073K,,1073,false
1074N,1074N,,1074,false
1075F,1075F,,1075,false
1076T,1076T,,1076,false
1077T,1077T,,1077,false
1078A,1078A,,1078,false
1079P,1079P,,1079,false
1080A,1080A,,1080,false
1081I,1081I,,1081,false
1082C,1082C,,1082,false
1083H,1083H,,1083,false
1084D,1084D,,1084,false
1085G,1085G,,1085,false
1086K,1086K,,1086,false
1087A,1087A,,1087,false
1088H,1088H,,1088,false
1089F,1089F,,1089,false
1090P,1090P,,1090,false
1091R,1091R,,1091,false
1092E,1092E,,1092,true
1093G,1093G,,1093,false
1094V,1094V,,1094,false
1095F,1095F,,1095,false
1096V,1096V,,1096,false
1097S,1097S,,1097,false
1098N,1098N,,1098,false
1099G,1099G,,1099,false
1100T,1100T,,1100,false
1101H,1101H,,1101,true
1102W,1102W,,1102,false
1103F,1103F,,1103,false
1104V,1104V,,1104,false
1105T,1105T,,1105,false
1106Q,1106Q,,1106,false
1107R,1107R,,1107,false
1108N,1108N,,1108,false
1109F,1109F,,1109,false
1110Y,1110Y,,1110,false
1111E,1111E,,1111,false
1112P,1112P,,1112,false
1113Q,1113Q,,1113,false
1114I,1114I,,1114,false
1115I,1115I,,1115,false
1116T,1116T,,1116,false
1117T,1117T,,1117,false
1118D,1118D,,1118,true
1119N,1119N,,1119,false
1120T,1120T,,1120,false
1121F,1121F,,1121,false
1122V,1122V,,1122,false
1123S,1123S,,1123,false
1124G,1124G,,1124,false
1125N,1125N,,1125,false
1126C,1126C,,1126,false
1127D,1127D,,1127,false
1128V,1128V,,1128,false
1129V,1129V,,1129,false
1130I,1130I,,1130,true
1131G,1131G,,1131,false
1132I,1132I,,1132,false
1133V,1133V,,1133,false
1134N,1134N,,1134,false
1135N,1135N,,1135,false
1136T,1136T,,1136,false
1137V,1137V,,1137,false
1138Y,1138Y,,1138,false
1139D,1139D,,1139,true
1140P,1140P,,1140,false
1141L,1141L,,1141,false
1142Q,1142Q,,1142,false
1143P,1143P,,1143,false
1144E,1144E,,1144,false
1145L,1145L,,1145,false
1146D,1146D,,1146,false
1147S,1147S,,1147,false
1148F,1148F,,1148,false
1149K,1149K,,1149,false
1150E,1150E,,1150,false
1151E,1151E,,1151,false
1152L,1152L,,1152,false
1153D,1153D,,1153,false
1154K,1154K,,1154,false
1155Y,1155Y,,1155,false
1156F,1156F,,1156,false
1157K,1157K,,1157,false
1158N,1158N,,1158,false
1159H,1159H,,1159,false
1160T,1160T,,1160,false
1161S,1161S,,1161,false
1162P,1162P,,1162,false
1163D,1163D,,1163,false
1164V,1164V,,1164,false
1165D,1165D,,1165,false
1166L,1166L,,1166,false
1167G,1167G,,1167,false
1168D,1168D,,1168,false
1169I,1169I,,1169,false
1170S,1170S,,1170,false
1171G,1171G,,1171,false
1172I,1172I,,1172,false
1173N,1173N,,1173,false
1174A,1174A,,1174,false
1175S,1175S,,1175,false
1176V,1176V,,1176,true
1177V,1177V,,1177,false
1178N,1178N,,1178,false
1179I,1179I,,1179,false
1180Q,1180Q,,1180,false
1181K,1181K,,1181,false
1182E,1182E,,1182,false
1183I,1183I,,1183,false
1184D,1184D,,1184,false
1185R,1185R,,1185,false
1186L,1186L,,1186,false
1187N,1187N,,1187,false
1188E,1188E,,1188,false
1189V,1189V,,1189,false
1190A,1190A,,1190,false
1191K,1191K,,1191,false
1192N,1192N,,1192,false
1193L,1193L,,1193,false
1194N,1194N,,1194,false
1195E,1195E,,1195,false
1196S,1196S,,1196,false
1197L,1197L,,1197,false
1198I,1198I,,1198,false
1199D,1199D,,1199,false
1200L,1200L,,1200,false
1201Q,1201Q,,1201,false
1202E,1202E,,1202,false
1203L,1203L,,1203,false
1204G,1204G,,1204,false
1205K,1205K,,1205,false
1206Y,1206Y,,1206,false
1207E,1207E,,1207,false
1208Q,1208Q,,1208,false
1209Y,1209Y,,1209,false
1210I,1210I,,1210,false
1211K,1211K,,1211,false
1212W,1212W,,1212,false
1213P,1213P,,1213,false
1214W,1214W,,1214,false
1215Y,1215Y,,1215,false
1216I,1216I,,1216,false
1217W,1217W,,1217,false
1218L,1218L,,1218,false
1219G,1219G,,1219,true
1220F,1220F,,1220,false
1221I,1221I,,1221,false
1222A,1222A,,1222,false
1223G,1223G,,1223,false
1224L,1224L,,1224,false
1225I,1225I,,1225,false
1226A,1226A,,1226,false
1227I,1227I,,1227,false
1228V,1228V,,1228,false
1229M,1229M,,1229,false
1230V,1230V,,1230,false
1231T,1231T,,1231,false
1232I,1232I,,1232,false
1233M,1233M,,1233,false
1234L,1234L,,1234,false
1235C,1235C,,1235,false
1236C,1236C,,1236,false
1237M,1237M,,1237,false
1238T,1238T,,1238,false
1239S,1239S,,1239,false
1240C,1240C,,1240,false
1241C,1241C,,1241,false
1242S,1242S,,1242,false
1243C,1243C,,1243,false
1244L,1244L,,1244,false
1245K,1245K,,1245,false
1246G,1246G,,1246,false
1247C,1247C,,1247,false
1248C,1248C,,1248,false
1249S,1249S,,1249,false
1250C,1250C,,1250,false
1251G,1251G,,1251,false
1252S,1252S,,1252,false
1253C,1253C,,1253,false
1254C,1254C,,1254,false
1255K,1255K,,1255,false
1256F,1256F,,1256,false
1257D,1257D,,1257,false
1258E,1258E,,1258,false
1259D,1259D,,1259,false
1260D,1260D,,1260,false
1261S,1261S,,1261,false
1262E,1262E,,1262,false
1263P,1263P,,1263,false
1264V,1264V,,1264,false
1265L,1265L,,1265,false
1266K,1266K,,1266,false
1267G,1267G,,1267,false
1268V,1268V,,1268,false
1269K,1269K,,1269,false
1270L,1270L,,1270,false
1271H,1271H,,1271,false
1272Y,1272Y,,1272,false
1273T,1273T,,1273,false
